ok_and_int_int	ok	"2"
ok_or_int_int	ok	"1"
ok_and_int0_int	ok	"0"
ok_or_int0_int	ok	"3"
ok_and_int_int0	ok	"0"
ok_or_int_int0	ok	"5"
ok_and_str_str	ok	"b"
ok_or_str_str	ok	"a"
ok_and_empty_str	ok	""
ok_or_empty_str	ok	"x"
ok_and_str_empty	ok	""
ok_or_str_empty	ok	"x"
ok_and_float_int	ok	"7"
ok_or_float_int	ok	"1.5"
ok_and_zero_float	ok	"0.0"
ok_or_zero_float	ok	"9"
ok_and_bool_int	ok	"42"
ok_or_bool_int	ok	"true"
ok_and_int_bool	ok	"false"
ok_or_int_bool	ok	"7"
ok_mix_list_list	ok	"[]\n[1]"
ok_mix_null_int	ok	"null\n5"
ok_mix_int_null	ok	"null\n1"
ok_short_and	ok	"0"
ok_short_or	ok	"1"
ok_eval_and	ok	"SIDE\n2"
ok_eval_or	ok	"SIDE\n3"
ok_default	ok	"default v default 7"
ok_chain	ok	"z"
ok_not_bool	ok	"false true true"
