tag	kind	expect	basis
int_0	T	F	scalar-zero
int_1	T	T	scalar-nonzero
int_neg1	T	T	scalar-nonzero
float_00	T	F	scalar-zero
float_15	T	T	scalar-nonzero
str_empty	T	F	container-empty
str_x	T	T	container-nonempty
bytes_empty	T	F	container-empty
bytes_x	T	T	container-nonempty
list_empty	T	F	container-empty
list_1	T	T	container-nonempty
dict_empty	T	F	container-empty
dict_a1	T	T	container-nonempty
tuple_empty	T	F	container-empty
tuple_1	T	T	container-nonempty
null_v	T	F	null
bool_false	T	F	scalar-zero
bool_true	T	T	scalar-nonzero
fn_v	T	T	opaque-always
struct_v	T	T	opaque-always
enum_v	T	T	opaque-always
result_ok	T	T	opaque-always
result_err	T	T	opaque-always
and_false	S	false|[]	rhs-unevaluated-falsy-lhs
and_true	S	true|[A]	rhs-evaluated-truthy-lhs
and_zero	S	0|[]	rhs-unevaluated-falsy-lhs
and_estr	S	|[]	rhs-unevaluated-falsy-lhs
and_null	S	null|[]	rhs-unevaluated-falsy-lhs
and_ebytes	S	<bytes 0>|[]	rhs-unevaluated-falsy-lhs
and_etuple	S	()|[]	rhs-unevaluated-falsy-lhs
or_true	S	true|[]	rhs-unevaluated-truthy-lhs
or_false	S	true|[A]	rhs-evaluated-falsy-lhs
or_one	S	1|[]	rhs-unevaluated-truthy-lhs
or_zero	S	true|[A]	rhs-evaluated-falsy-lhs
or_ebytes	S	true|[A]	rhs-evaluated-falsy-lhs
or_etuple	S	true|[A]	rhs-evaluated-falsy-lhs
nc_one	S	1|[]	coalesce-null-only
nc_null	S	true|[A]	coalesce-null-only
nc_zero	S	0|[]	coalesce-null-only
nc_estr	S	|[]	coalesce-null-only
nc_false	S	false|[]	coalesce-null-only
nc_ebytes	S	<bytes 0>|[]	coalesce-null-only
nc_etuple	S	()|[]	coalesce-null-only
pipe_inc	P	4	pipe-first-arg
pipe_len	P	2	pipe-first-arg
pipe_chain	P	5	pipe-left-fold
