操作	容器	形状	行为	R码
read	bool	recv	ERR	R1002
read	dict	keytype	ERR	R1002
read	dict	miss	ERR	R1008
read	dict	ok	OK	OK
read	int	recv	ERR	R1002
read	list	keytype	ERR	R1002
read	list	neg	OK	OK
read	list	noob	ERR	R1003
read	list	ok	OK	OK
read	list	oob	ERR	R1003
read	null	recv	ERR	R1002
read	result	recv	ERR	R1002
read	string	neg	OK	OK
read	string	noob	ERR	R1003
read	string	ok	OK	OK
read	string	oob	ERR	R1003
read	tuple	neg	OK	OK
read	tuple	noob	ERR	R1003
read	tuple	ok	OK	OK
read	tuple	oob	ERR	R1003
slice	dict	unsup	ERR	R1002
slice	int	recv	ERR	R1002
slice	list	keytype	ERR	R1002
slice	list	neg	OK	OK
slice	list	ok	OK	OK
slice	list	oob	OK	OK
slice	string	neg	OK	OK
slice	string	ok	OK	OK
slice	tuple	ok	OK	OK
write	dict	keytype	ERR	R1002
write	dict	ok	OK	OK
write	int	recv	ERR	R1002
write	list	keytype	ERR	R1002
write	list	neg	OK	OK
write	list	noob	ERR	R1003
write	list	ok	OK	OK
write	list	oob	ERR	R1003
write	string	unsup	ERR	R1002
write	tuple	unsup	ERR	R1002
