tag	kind	basis
sha256__int_0	VAL	text-semantics-tolerates-any
sha256__int_7	VAL	text-semantics-tolerates-any
sha256__int_neg	VAL	text-semantics-tolerates-any
sha256__float_0	VAL	text-semantics-tolerates-any
sha256__float_15	VAL	text-semantics-tolerates-any
sha256__float_neg	VAL	text-semantics-tolerates-any
sha256__str_empty	VAL	text-semantics-tolerates-any
sha256__str_ab	VAL	text-semantics-tolerates-any
sha256__str_cjk	VAL	text-semantics-tolerates-any
sha256__bytes_ab	VAL	text-semantics-tolerates-any
sha256__bytes_empty	VAL	text-semantics-tolerates-any
sha256__bool_t	VAL	text-semantics-tolerates-any
sha256__bool_f	VAL	text-semantics-tolerates-any
sha256__null_v	VAL	text-semantics-tolerates-any
sha256__list_1	VAL	text-semantics-tolerates-any
sha256__list_empty	VAL	text-semantics-tolerates-any
sha256__dict_a1	VAL	text-semantics-tolerates-any
sha256__dict_empty	VAL	text-semantics-tolerates-any
sha256__tuple_1	VAL	text-semantics-tolerates-any
sha256__tuple_empty	VAL	text-semantics-tolerates-any
sha256__result_ok	VAL	text-semantics-tolerates-any
sha256__result_err	VAL	text-semantics-tolerates-any
sha256__enum_a	VAL	text-semantics-tolerates-any
sha256__struct_v	VAL	text-semantics-tolerates-any
sha256__fn_v	VAL	text-semantics-tolerates-any
md5__int_0	VAL	text-semantics-tolerates-any
md5__int_7	VAL	text-semantics-tolerates-any
md5__int_neg	VAL	text-semantics-tolerates-any
md5__float_0	VAL	text-semantics-tolerates-any
md5__float_15	VAL	text-semantics-tolerates-any
md5__float_neg	VAL	text-semantics-tolerates-any
md5__str_empty	VAL	text-semantics-tolerates-any
md5__str_ab	VAL	text-semantics-tolerates-any
md5__str_cjk	VAL	text-semantics-tolerates-any
md5__bytes_ab	VAL	text-semantics-tolerates-any
md5__bytes_empty	VAL	text-semantics-tolerates-any
md5__bool_t	VAL	text-semantics-tolerates-any
md5__bool_f	VAL	text-semantics-tolerates-any
md5__null_v	VAL	text-semantics-tolerates-any
md5__list_1	VAL	text-semantics-tolerates-any
md5__list_empty	VAL	text-semantics-tolerates-any
md5__dict_a1	VAL	text-semantics-tolerates-any
md5__dict_empty	VAL	text-semantics-tolerates-any
md5__tuple_1	VAL	text-semantics-tolerates-any
md5__tuple_empty	VAL	text-semantics-tolerates-any
md5__result_ok	VAL	text-semantics-tolerates-any
md5__result_err	VAL	text-semantics-tolerates-any
md5__enum_a	VAL	text-semantics-tolerates-any
md5__struct_v	VAL	text-semantics-tolerates-any
md5__fn_v	VAL	text-semantics-tolerates-any
base64_encode__int_0	VAL	text-semantics-tolerates-any
base64_encode__int_7	VAL	text-semantics-tolerates-any
base64_encode__int_neg	VAL	text-semantics-tolerates-any
base64_encode__float_0	VAL	text-semantics-tolerates-any
base64_encode__float_15	VAL	text-semantics-tolerates-any
base64_encode__float_neg	VAL	text-semantics-tolerates-any
base64_encode__str_empty	VAL	text-semantics-tolerates-any
base64_encode__str_ab	VAL	text-semantics-tolerates-any
base64_encode__str_cjk	VAL	text-semantics-tolerates-any
base64_encode__bytes_ab	VAL	text-semantics-tolerates-any
base64_encode__bytes_empty	VAL	text-semantics-tolerates-any
base64_encode__bool_t	VAL	text-semantics-tolerates-any
base64_encode__bool_f	VAL	text-semantics-tolerates-any
base64_encode__null_v	VAL	text-semantics-tolerates-any
base64_encode__list_1	VAL	text-semantics-tolerates-any
base64_encode__list_empty	VAL	text-semantics-tolerates-any
base64_encode__dict_a1	VAL	text-semantics-tolerates-any
base64_encode__dict_empty	VAL	text-semantics-tolerates-any
base64_encode__tuple_1	VAL	text-semantics-tolerates-any
base64_encode__tuple_empty	VAL	text-semantics-tolerates-any
base64_encode__result_ok	VAL	text-semantics-tolerates-any
base64_encode__result_err	VAL	text-semantics-tolerates-any
base64_encode__enum_a	VAL	text-semantics-tolerates-any
base64_encode__struct_v	VAL	text-semantics-tolerates-any
base64_encode__fn_v	VAL	text-semantics-tolerates-any
ord__int_0	VAL	text-semantics-tolerates-any
ord__int_7	VAL	text-semantics-tolerates-any
ord__int_neg	VAL	text-semantics-tolerates-any
ord__float_0	VAL	text-semantics-tolerates-any
ord__float_15	VAL	text-semantics-tolerates-any
ord__float_neg	VAL	text-semantics-tolerates-any
ord__str_empty	VAL	text-semantics-tolerates-any
ord__str_ab	VAL	text-semantics-tolerates-any
ord__str_cjk	VAL	text-semantics-tolerates-any
ord__bytes_ab	VAL	text-semantics-tolerates-any
ord__bytes_empty	VAL	text-semantics-tolerates-any
ord__bool_t	VAL	text-semantics-tolerates-any
ord__bool_f	VAL	text-semantics-tolerates-any
ord__null_v	VAL	text-semantics-tolerates-any
ord__list_1	VAL	text-semantics-tolerates-any
ord__list_empty	VAL	text-semantics-tolerates-any
ord__dict_a1	VAL	text-semantics-tolerates-any
ord__dict_empty	VAL	text-semantics-tolerates-any
ord__tuple_1	VAL	text-semantics-tolerates-any
ord__tuple_empty	VAL	text-semantics-tolerates-any
ord__result_ok	VAL	text-semantics-tolerates-any
ord__result_err	VAL	text-semantics-tolerates-any
ord__enum_a	VAL	text-semantics-tolerates-any
ord__struct_v	VAL	text-semantics-tolerates-any
ord__fn_v	VAL	text-semantics-tolerates-any
bytes_to_hex__int_0	VAL	text-semantics-tolerates-any
bytes_to_hex__int_7	VAL	text-semantics-tolerates-any
bytes_to_hex__int_neg	VAL	text-semantics-tolerates-any
bytes_to_hex__float_0	VAL	text-semantics-tolerates-any
bytes_to_hex__float_15	VAL	text-semantics-tolerates-any
bytes_to_hex__float_neg	VAL	text-semantics-tolerates-any
bytes_to_hex__str_empty	VAL	text-semantics-tolerates-any
bytes_to_hex__str_ab	VAL	text-semantics-tolerates-any
bytes_to_hex__str_cjk	VAL	text-semantics-tolerates-any
bytes_to_hex__bytes_ab	VAL	text-semantics-tolerates-any
bytes_to_hex__bytes_empty	VAL	text-semantics-tolerates-any
bytes_to_hex__bool_t	VAL	text-semantics-tolerates-any
bytes_to_hex__bool_f	VAL	text-semantics-tolerates-any
bytes_to_hex__null_v	VAL	text-semantics-tolerates-any
bytes_to_hex__list_1	VAL	text-semantics-tolerates-any
bytes_to_hex__list_empty	VAL	text-semantics-tolerates-any
bytes_to_hex__dict_a1	VAL	text-semantics-tolerates-any
bytes_to_hex__dict_empty	VAL	text-semantics-tolerates-any
bytes_to_hex__tuple_1	VAL	text-semantics-tolerates-any
bytes_to_hex__tuple_empty	VAL	text-semantics-tolerates-any
bytes_to_hex__result_ok	VAL	text-semantics-tolerates-any
bytes_to_hex__result_err	VAL	text-semantics-tolerates-any
bytes_to_hex__enum_a	VAL	text-semantics-tolerates-any
bytes_to_hex__struct_v	VAL	text-semantics-tolerates-any
bytes_to_hex__fn_v	VAL	text-semantics-tolerates-any
