例号	集合类型	元素类型	真值形状	期望值	受支持
list3__i1	list	int	VAL	true	yes
list3__i9	list	int	VAL	false	yes
list3__sa	list	string	VAL	false	yes
list3__sbc	list	string	VAL	false	yes
list3__scjk	list	string	VAL	false	yes
list3__btrue	list	bool	VAL	false	yes
list3__nul	list	null	VAL	false	yes
list3__l12	list	list	VAL	false	yes
list3__f1	list	float	VAL	true	yes
listE__i1	list	int	VAL	false	yes
listE__i9	list	int	VAL	false	yes
listE__sa	list	string	VAL	false	yes
listE__sbc	list	string	VAL	false	yes
listE__scjk	list	string	VAL	false	yes
listE__btrue	list	bool	VAL	false	yes
listE__nul	list	null	VAL	false	yes
listE__l12	list	list	VAL	false	yes
listE__f1	list	float	VAL	false	yes
str4__i1	string	int	ERR	elem	yes
str4__i9	string	int	ERR	elem	yes
str4__sa	string	string	VAL	true	yes
str4__sbc	string	string	VAL	true	yes
str4__scjk	string	string	VAL	false	yes
str4__btrue	string	bool	ERR	elem	yes
str4__nul	string	null	ERR	elem	yes
str4__l12	string	list	ERR	elem	yes
str4__f1	string	float	ERR	elem	yes
strC__i1	string	int	ERR	elem	yes
strC__i9	string	int	ERR	elem	yes
strC__sa	string	string	VAL	false	yes
strC__sbc	string	string	VAL	false	yes
strC__scjk	string	string	VAL	true	yes
strC__btrue	string	bool	ERR	elem	yes
strC__nul	string	null	ERR	elem	yes
strC__l12	string	list	ERR	elem	yes
strC__f1	string	float	ERR	elem	yes
strE__i1	string	int	ERR	elem	yes
strE__i9	string	int	ERR	elem	yes
strE__sa	string	string	VAL	false	yes
strE__sbc	string	string	VAL	false	yes
strE__scjk	string	string	VAL	false	yes
strE__btrue	string	bool	ERR	elem	yes
strE__nul	string	null	ERR	elem	yes
strE__l12	string	list	ERR	elem	yes
strE__f1	string	float	ERR	elem	yes
dict2__i1	dict	int	ERR	elem	yes
dict2__i9	dict	int	ERR	elem	yes
dict2__sa	dict	string	VAL	true	yes
dict2__sbc	dict	string	VAL	false	yes
dict2__scjk	dict	string	VAL	false	yes
dict2__btrue	dict	bool	ERR	elem	yes
dict2__nul	dict	null	ERR	elem	yes
dict2__l12	dict	list	ERR	elem	yes
dict2__f1	dict	float	ERR	elem	yes
dictE__i1	dict	int	ERR	elem	yes
dictE__i9	dict	int	ERR	elem	yes
dictE__sa	dict	string	VAL	false	yes
dictE__sbc	dict	string	VAL	false	yes
dictE__scjk	dict	string	VAL	false	yes
dictE__btrue	dict	bool	ERR	elem	yes
dictE__nul	dict	null	ERR	elem	yes
dictE__l12	dict	list	ERR	elem	yes
dictE__f1	dict	float	ERR	elem	yes
tuple3__i1	tuple	int	VAL	true	yes
tuple3__i9	tuple	int	VAL	false	yes
tuple3__sa	tuple	string	VAL	false	yes
tuple3__sbc	tuple	string	VAL	false	yes
tuple3__scjk	tuple	string	VAL	false	yes
tuple3__btrue	tuple	bool	VAL	false	yes
tuple3__nul	tuple	null	VAL	false	yes
tuple3__l12	tuple	list	VAL	false	yes
tuple3__f1	tuple	float	VAL	true	yes
int5__i1	int	int	ERR	coll	no
int5__sa	int	string	ERR	coll	no
int5__nul	int	null	ERR	coll	no
nul__i1	null	int	ERR	coll	no
nul__sa	null	string	ERR	coll	no
nul__nul	null	null	ERR	coll	no
f25__i1	float	int	ERR	coll	no
f25__sa	float	string	ERR	coll	no
f25__nul	float	null	ERR	coll	no
