操作	接收者	形状	行为	R码
ctor	struct	ok	OK	OK
ctor	struct	typeerr	OK	OK
optread	dict	miss	ERR	R1008
optread	dict	ok	OK	OK
optread	null	recv	OK	OK
optread	struct	miss	ERR	R1008
optread	struct	ok	OK	OK
read	bool	recv	ERR	R1007
read	bytes	recv	ERR	R1007
read	dict	miss	ERR	R1008
read	dict	ok	OK	OK
read	enum	recv	ERR	R1007
read	float	recv	ERR	R1007
read	int	recv	ERR	R1007
read	list	recv	ERR	R1007
read	null	recv	ERR	R1007
read	result	recv	ERR	R1007
read	string	recv	ERR	R1007
read	struct	miss	ERR	R1008
read	struct	ok	OK	OK
read	tuple	recv	ERR	R1007
variant	enum	case	ERR	R1008
variant	enum	miss	ERR	R1008
variant	enum	ok	OK	OK
write	dict	new	OK	OK
write	dict	ok	OK	OK
write	enum	recv	ERR	R1002
write	int	recv	ERR	R1002
write	list	recv	ERR	R1002
write	null	recv	ERR	R1002
write	string	recv	ERR	R1002
write	struct	new	ERR	R1008
write	struct	ok	OK	OK
