idx	tag	expr
0	bytes_len__int_7	bytes_len(7)
1	bytes_len__int_neg	bytes_len(0 - 3)
2	bytes_len__int_0	bytes_len(0)
3	bytes_len__float_15	bytes_len(1.5)
4	bytes_len__float_0	bytes_len(0.0)
5	bytes_len__str_ab	bytes_len("ab")
6	bytes_len__str_empty	bytes_len("")
7	bytes_len__str_cjk	bytes_len("中文")
8	bytes_len__bytes_ab	bytes_len(bytes("ab"))
9	bytes_len__bytes_empty	bytes_len(bytes(""))
10	bytes_len__bytes_cjk	bytes_len(bytes("中文"))
11	bytes_len__bool_t	bytes_len(true)
12	bytes_len__null_v	bytes_len(null)
13	bytes_len__list_1	bytes_len([1])
14	bytes_len__dict_a1	bytes_len({"a": 1})
15	bytes_len__tuple_1	bytes_len((1,))
16	bytes_len__enum_a	bytes_len(E1.A)
17	bytes_len__struct_v	bytes_len(S1(1))
18	bytes_len__fn_v	bytes_len(userfn)
19	bytes_to_str__int_7	bytes_to_str(7)
20	bytes_to_str__int_neg	bytes_to_str(0 - 3)
21	bytes_to_str__int_0	bytes_to_str(0)
22	bytes_to_str__float_15	bytes_to_str(1.5)
23	bytes_to_str__float_0	bytes_to_str(0.0)
24	bytes_to_str__str_ab	bytes_to_str("ab")
25	bytes_to_str__str_empty	bytes_to_str("")
26	bytes_to_str__str_cjk	bytes_to_str("中文")
27	bytes_to_str__bytes_ab	bytes_to_str(bytes("ab"))
28	bytes_to_str__bytes_empty	bytes_to_str(bytes(""))
29	bytes_to_str__bytes_cjk	bytes_to_str(bytes("中文"))
30	bytes_to_str__bool_t	bytes_to_str(true)
31	bytes_to_str__null_v	bytes_to_str(null)
32	bytes_to_str__list_1	bytes_to_str([1])
33	bytes_to_str__dict_a1	bytes_to_str({"a": 1})
34	bytes_to_str__tuple_1	bytes_to_str((1,))
35	bytes_to_str__enum_a	bytes_to_str(E1.A)
36	bytes_to_str__struct_v	bytes_to_str(S1(1))
37	bytes_to_str__fn_v	bytes_to_str(userfn)
38	bytes_to_hex__int_7	bytes_to_hex(7)
39	bytes_to_hex__int_neg	bytes_to_hex(0 - 3)
40	bytes_to_hex__int_0	bytes_to_hex(0)
41	bytes_to_hex__float_15	bytes_to_hex(1.5)
42	bytes_to_hex__float_0	bytes_to_hex(0.0)
43	bytes_to_hex__str_ab	bytes_to_hex("ab")
44	bytes_to_hex__str_empty	bytes_to_hex("")
45	bytes_to_hex__str_cjk	bytes_to_hex("中文")
46	bytes_to_hex__bytes_ab	bytes_to_hex(bytes("ab"))
47	bytes_to_hex__bytes_empty	bytes_to_hex(bytes(""))
48	bytes_to_hex__bytes_cjk	bytes_to_hex(bytes("中文"))
49	bytes_to_hex__bool_t	bytes_to_hex(true)
50	bytes_to_hex__null_v	bytes_to_hex(null)
51	bytes_to_hex__list_1	bytes_to_hex([1])
52	bytes_to_hex__dict_a1	bytes_to_hex({"a": 1})
53	bytes_to_hex__tuple_1	bytes_to_hex((1,))
54	bytes_to_hex__enum_a	bytes_to_hex(E1.A)
55	bytes_to_hex__struct_v	bytes_to_hex(S1(1))
56	bytes_to_hex__fn_v	bytes_to_hex(userfn)
57	bytes_base64__int_7	bytes_base64(7)
58	bytes_base64__int_neg	bytes_base64(0 - 3)
59	bytes_base64__int_0	bytes_base64(0)
60	bytes_base64__float_15	bytes_base64(1.5)
61	bytes_base64__float_0	bytes_base64(0.0)
62	bytes_base64__str_ab	bytes_base64("ab")
63	bytes_base64__str_empty	bytes_base64("")
64	bytes_base64__str_cjk	bytes_base64("中文")
65	bytes_base64__bytes_ab	bytes_base64(bytes("ab"))
66	bytes_base64__bytes_empty	bytes_base64(bytes(""))
67	bytes_base64__bytes_cjk	bytes_base64(bytes("中文"))
68	bytes_base64__bool_t	bytes_base64(true)
69	bytes_base64__null_v	bytes_base64(null)
70	bytes_base64__list_1	bytes_base64([1])
71	bytes_base64__dict_a1	bytes_base64({"a": 1})
72	bytes_base64__tuple_1	bytes_base64((1,))
73	bytes_base64__enum_a	bytes_base64(E1.A)
74	bytes_base64__struct_v	bytes_base64(S1(1))
75	bytes_base64__fn_v	bytes_base64(userfn)
76	bytes_to_int__int_7	bytes_to_int(7)
77	bytes_to_int__int_neg	bytes_to_int(0 - 3)
78	bytes_to_int__int_0	bytes_to_int(0)
79	bytes_to_int__float_15	bytes_to_int(1.5)
80	bytes_to_int__float_0	bytes_to_int(0.0)
81	bytes_to_int__str_ab	bytes_to_int("ab")
82	bytes_to_int__str_empty	bytes_to_int("")
83	bytes_to_int__str_cjk	bytes_to_int("中文")
84	bytes_to_int__bytes_ab	bytes_to_int(bytes("ab"))
85	bytes_to_int__bytes_empty	bytes_to_int(bytes(""))
86	bytes_to_int__bytes_cjk	bytes_to_int(bytes("中文"))
87	bytes_to_int__bool_t	bytes_to_int(true)
88	bytes_to_int__null_v	bytes_to_int(null)
89	bytes_to_int__list_1	bytes_to_int([1])
90	bytes_to_int__dict_a1	bytes_to_int({"a": 1})
91	bytes_to_int__tuple_1	bytes_to_int((1,))
92	bytes_to_int__enum_a	bytes_to_int(E1.A)
93	bytes_to_int__struct_v	bytes_to_int(S1(1))
94	bytes_to_int__fn_v	bytes_to_int(userfn)
95	base64_to_bytes__int_7	base64_to_bytes(7)
96	base64_to_bytes__int_neg	base64_to_bytes(0 - 3)
97	base64_to_bytes__int_0	base64_to_bytes(0)
98	base64_to_bytes__float_15	base64_to_bytes(1.5)
99	base64_to_bytes__float_0	base64_to_bytes(0.0)
100	base64_to_bytes__str_ab	base64_to_bytes("ab")
101	base64_to_bytes__str_empty	base64_to_bytes("")
102	base64_to_bytes__str_cjk	base64_to_bytes("中文")
103	base64_to_bytes__bytes_ab	base64_to_bytes(bytes("ab"))
104	base64_to_bytes__bytes_empty	base64_to_bytes(bytes(""))
105	base64_to_bytes__bytes_cjk	base64_to_bytes(bytes("中文"))
106	base64_to_bytes__bool_t	base64_to_bytes(true)
107	base64_to_bytes__null_v	base64_to_bytes(null)
108	base64_to_bytes__list_1	base64_to_bytes([1])
109	base64_to_bytes__dict_a1	base64_to_bytes({"a": 1})
110	base64_to_bytes__tuple_1	base64_to_bytes((1,))
111	base64_to_bytes__enum_a	base64_to_bytes(E1.A)
112	base64_to_bytes__struct_v	base64_to_bytes(S1(1))
113	base64_to_bytes__fn_v	base64_to_bytes(userfn)
114	bytes_find__int_7	str(bytes_find(bytes("ab"), 7))
115	bytes_get__int_7	str(bytes_get(bytes("ab"), 7))
116	bytes_concat__int_7	str(bytes_concat(bytes("ab"), 7))
117	bytes_slice__int_7	str(bytes_slice(bytes("abc"), 7))
118	int_to_bytes__int_7	bytes_to_hex(int_to_bytes(7, 1, "little"))
119	bytes_find__int_neg	str(bytes_find(bytes("ab"), 0 - 3))
120	bytes_get__int_neg	str(bytes_get(bytes("ab"), 0 - 3))
121	bytes_concat__int_neg	str(bytes_concat(bytes("ab"), 0 - 3))
122	bytes_slice__int_neg	str(bytes_slice(bytes("abc"), 0 - 3))
123	int_to_bytes__int_neg	bytes_to_hex(int_to_bytes(0 - 3, 1, "little"))
124	bytes_find__int_0	str(bytes_find(bytes("ab"), 0))
125	bytes_get__int_0	str(bytes_get(bytes("ab"), 0))
126	bytes_concat__int_0	str(bytes_concat(bytes("ab"), 0))
127	bytes_slice__int_0	str(bytes_slice(bytes("abc"), 0))
128	int_to_bytes__int_0	bytes_to_hex(int_to_bytes(0, 1, "little"))
129	bytes_find__float_15	str(bytes_find(bytes("ab"), 1.5))
130	bytes_get__float_15	str(bytes_get(bytes("ab"), 1.5))
131	bytes_concat__float_15	str(bytes_concat(bytes("ab"), 1.5))
132	bytes_slice__float_15	str(bytes_slice(bytes("abc"), 1.5))
133	int_to_bytes__float_15	bytes_to_hex(int_to_bytes(1.5, 1, "little"))
134	bytes_find__float_0	str(bytes_find(bytes("ab"), 0.0))
135	bytes_get__float_0	str(bytes_get(bytes("ab"), 0.0))
136	bytes_concat__float_0	str(bytes_concat(bytes("ab"), 0.0))
137	bytes_slice__float_0	str(bytes_slice(bytes("abc"), 0.0))
138	int_to_bytes__float_0	bytes_to_hex(int_to_bytes(0.0, 1, "little"))
139	bytes_find__str_ab	str(bytes_find(bytes("ab"), "ab"))
140	bytes_get__str_ab	str(bytes_get(bytes("ab"), "ab"))
141	bytes_concat__str_ab	str(bytes_concat(bytes("ab"), "ab"))
142	bytes_slice__str_ab	str(bytes_slice(bytes("abc"), "ab"))
143	int_to_bytes__str_ab	bytes_to_hex(int_to_bytes("ab", 1, "little"))
144	bytes_find__str_empty	str(bytes_find(bytes("ab"), ""))
145	bytes_get__str_empty	str(bytes_get(bytes("ab"), ""))
146	bytes_concat__str_empty	str(bytes_concat(bytes("ab"), ""))
147	bytes_slice__str_empty	str(bytes_slice(bytes("abc"), ""))
148	int_to_bytes__str_empty	bytes_to_hex(int_to_bytes("", 1, "little"))
149	bytes_find__str_cjk	str(bytes_find(bytes("ab"), "中文"))
150	bytes_get__str_cjk	str(bytes_get(bytes("ab"), "中文"))
151	bytes_concat__str_cjk	str(bytes_concat(bytes("ab"), "中文"))
152	bytes_slice__str_cjk	str(bytes_slice(bytes("abc"), "中文"))
153	int_to_bytes__str_cjk	bytes_to_hex(int_to_bytes("中文", 1, "little"))
154	bytes_find__bytes_ab	str(bytes_find(bytes("ab"), bytes("ab")))
155	bytes_get__bytes_ab	str(bytes_get(bytes("ab"), bytes("ab")))
156	bytes_concat__bytes_ab	str(bytes_concat(bytes("ab"), bytes("ab")))
157	bytes_slice__bytes_ab	str(bytes_slice(bytes("abc"), bytes("ab")))
158	int_to_bytes__bytes_ab	bytes_to_hex(int_to_bytes(bytes("ab"), 1, "little"))
159	bytes_find__bytes_empty	str(bytes_find(bytes("ab"), bytes("")))
160	bytes_get__bytes_empty	str(bytes_get(bytes("ab"), bytes("")))
161	bytes_concat__bytes_empty	str(bytes_concat(bytes("ab"), bytes("")))
162	bytes_slice__bytes_empty	str(bytes_slice(bytes("abc"), bytes("")))
163	int_to_bytes__bytes_empty	bytes_to_hex(int_to_bytes(bytes(""), 1, "little"))
164	bytes_find__bytes_cjk	str(bytes_find(bytes("ab"), bytes("中文")))
165	bytes_get__bytes_cjk	str(bytes_get(bytes("ab"), bytes("中文")))
166	bytes_concat__bytes_cjk	str(bytes_concat(bytes("ab"), bytes("中文")))
167	bytes_slice__bytes_cjk	str(bytes_slice(bytes("abc"), bytes("中文")))
168	int_to_bytes__bytes_cjk	bytes_to_hex(int_to_bytes(bytes("中文"), 1, "little"))
169	bytes_find__bool_t	str(bytes_find(bytes("ab"), true))
170	bytes_get__bool_t	str(bytes_get(bytes("ab"), true))
171	bytes_concat__bool_t	str(bytes_concat(bytes("ab"), true))
172	bytes_slice__bool_t	str(bytes_slice(bytes("abc"), true))
173	int_to_bytes__bool_t	bytes_to_hex(int_to_bytes(true, 1, "little"))
174	bytes_find__null_v	str(bytes_find(bytes("ab"), null))
175	bytes_get__null_v	str(bytes_get(bytes("ab"), null))
176	bytes_concat__null_v	str(bytes_concat(bytes("ab"), null))
177	bytes_slice__null_v	str(bytes_slice(bytes("abc"), null))
178	int_to_bytes__null_v	bytes_to_hex(int_to_bytes(null, 1, "little"))
179	bytes_find__list_1	str(bytes_find(bytes("ab"), [1]))
180	bytes_get__list_1	str(bytes_get(bytes("ab"), [1]))
181	bytes_concat__list_1	str(bytes_concat(bytes("ab"), [1]))
182	bytes_slice__list_1	str(bytes_slice(bytes("abc"), [1]))
183	int_to_bytes__list_1	bytes_to_hex(int_to_bytes([1], 1, "little"))
184	bytes_find__dict_a1	str(bytes_find(bytes("ab"), {"a": 1}))
185	bytes_get__dict_a1	str(bytes_get(bytes("ab"), {"a": 1}))
186	bytes_concat__dict_a1	str(bytes_concat(bytes("ab"), {"a": 1}))
187	bytes_slice__dict_a1	str(bytes_slice(bytes("abc"), {"a": 1}))
188	int_to_bytes__dict_a1	bytes_to_hex(int_to_bytes({"a": 1}, 1, "little"))
189	bytes_find__tuple_1	str(bytes_find(bytes("ab"), (1,)))
190	bytes_get__tuple_1	str(bytes_get(bytes("ab"), (1,)))
191	bytes_concat__tuple_1	str(bytes_concat(bytes("ab"), (1,)))
192	bytes_slice__tuple_1	str(bytes_slice(bytes("abc"), (1,)))
193	int_to_bytes__tuple_1	bytes_to_hex(int_to_bytes((1,), 1, "little"))
194	bytes_find__enum_a	str(bytes_find(bytes("ab"), E1.A))
195	bytes_get__enum_a	str(bytes_get(bytes("ab"), E1.A))
196	bytes_concat__enum_a	str(bytes_concat(bytes("ab"), E1.A))
197	bytes_slice__enum_a	str(bytes_slice(bytes("abc"), E1.A))
198	int_to_bytes__enum_a	bytes_to_hex(int_to_bytes(E1.A, 1, "little"))
199	bytes_find__struct_v	str(bytes_find(bytes("ab"), S1(1)))
200	bytes_get__struct_v	str(bytes_get(bytes("ab"), S1(1)))
201	bytes_concat__struct_v	str(bytes_concat(bytes("ab"), S1(1)))
202	bytes_slice__struct_v	str(bytes_slice(bytes("abc"), S1(1)))
203	int_to_bytes__struct_v	bytes_to_hex(int_to_bytes(S1(1), 1, "little"))
204	bytes_find__fn_v	str(bytes_find(bytes("ab"), userfn))
205	bytes_get__fn_v	str(bytes_get(bytes("ab"), userfn))
206	bytes_concat__fn_v	str(bytes_concat(bytes("ab"), userfn))
207	bytes_slice__fn_v	str(bytes_slice(bytes("abc"), userfn))
208	int_to_bytes__fn_v	bytes_to_hex(int_to_bytes(userfn, 1, "little"))
